tweet;link_maldita
https://twitter.com/sanchezcasrejon/status/1364157999007338498;https://maldita.es/malditobulo/20210302/pedro-sanchez-tuiteado-cuota-autonomos-288-433-no-dejaremos-nadie-atras/
https://twitter.com/mcaterra/status/1358125795571548171;https://maldita.es/malditobulo/20210301/no-mujer-imagen-sufrido-aborto-recibir-vacuna-covid-19/
https://twitter.com/toniroldanm/status/1335484386557521920;https://maldita.es/malditobulo/20210217/nino-turco-inmigrantes-alemania-ugur-sahin-fundador-biontech-vacuna-covid-pfizer/
https://twitter.com/dentropormuerto/status/1301779849565147138;https://maldita.es/malditobulo/20200921/isabel-diaz-ayuso-pillada-microfono-abierto-pandemia-me-teneis-hasta-cono/
https://twitter.com/N_Trastamara/status/1254341029899186182;https://maldita.es/malditobulo/20200502/camioneros-protesta-ourense-contra-gobierno-pedro-homenaje-sanitarios/
https://twitter.com/iBarbarellah/status/1242223866014990336;https://maldita.es/malditobulo/20200324/gobierno-no-contabilizo-datos-afectados-coronavirus-fin-de-semana-8-marzo-manifestacion/
https://twitter.com/FerVerdasco/status/1251884712915800066;https://maldita.es/malditatecnologia/20200421/instagram-bloqueado-encuesta-gobierno-fernando-verdasco-fallo-tecnico/
https://twitter.com/todoslokos_/status/1367063863800303618;https://maldita.es/malditobulo/20210309/video-parlamento-dinamarca-risas-monarquia-ejemplar-espanola-subtitulos-manipulados/
https://twitter.com/iBarbarellah/status/1242223866014990336;https://maldita.es/malditobulo/2020/03/24/gobierno-no-contabilizo-datos-afectados-coronavirus-fin-de-semana-8-marzo-manifestacion/
https://twitter.com/ffmateobueno/status/1008025574168825856;https://maldita.es/malditobulo/20210308/red-juzgados-violencia-mujer-detenidos-arrojaran-vacio/
https://twitter.com/tere_marinovic/status/1003407980405116929;https://maldita.es/malditobulo/20210308/50-bulos-mujeres-feminismo-violencia-machista-8m/
